temp,humidity,dew,precip,pressure,windgust,windspeed,cloudcover,timestamp
28.5,79.46,24.6,0.0,1009.0,24.5,9.4,15.7,2020-05-15 00:00:00
28.2,80.37,24.5,0.0,1008.0,19.4,4.7,12.6,2020-05-15 01:00:00
26.8,86.72,24.4,0.0,1007.0,12.6,4.3,6.3,2020-05-15 02:00:00
27.1,84.69,24.3,0.0,1007.0,8.6,2.5,4.5,2020-05-15 03:00:00
25.6,89.8,23.8,0.0,1007.0,6.8,3.6,4.0,2020-05-15 04:00:00
25.5,89.25,23.6,0.0,1007.0,6.5,3.2,1.3,2020-05-15 05:00:00
26.9,84.67,24.1,0.0,1007.0,6.8,3.2,0.0,2020-05-15 06:00:00
27.3,83.7,24.3,0.0,1008.0,6.8,2.9,4.3,2020-05-15 07:00:00
30.4,65.46,23.2,0.0,1005.0,13.3,1.8,8.7,2020-05-15 08:00:00
30.4,62.74,22.5,0.0,1008.0,15.1,1.8,1.9,2020-05-15 09:00:00
31.0,60.25,22.4,0.0,1008.0,15.5,3.2,0.0,2020-05-15 10:00:00
33.6,44.07,19.7,0.0,1008.0,16.6,5.0,15.9,2020-05-15 11:00:00
35.8,37.8,19.2,0.0,1007.0,21.6,6.8,28.3,2020-05-15 12:00:00
36.2,38.62,19.9,0.0,1006.0,25.2,8.6,31.3,2020-05-15 13:00:00
37.8,32.43,18.5,0.0,1005.0,27.4,10.1,33.5,2020-05-15 14:00:00
37.7,33.86,19.1,0.0,1004.0,29.2,11.5,18.5,2020-05-15 15:00:00
36.6,42.47,21.8,0.0,1003.0,29.9,12.6,13.2,2020-05-15 16:00:00
39.7,28.73,18.2,0.0,1000.2,29.9,3.6,30.0,2020-05-15 17:00:00
36.2,41.59,21.1,0.0,1003.0,29.5,11.9,34.0,2020-05-15 18:00:00
36.3,39.62,20.4,0.0,1003.0,28.1,10.4,17.1,2020-05-15 19:00:00
34.6,43.79,20.5,0.0,1005.0,23.8,10.4,16.2,2020-05-15 20:00:00
32.0,49.74,20.2,0.0,1006.0,25.2,10.4,15.4,2020-05-15 21:00:00
31.4,51.14,20.1,0.0,1007.0,24.1,9.0,27.9,2020-05-15 22:00:00
30.0,61.14,21.7,0.0,1007.0,19.1,7.2,19.5,2020-05-15 23:00:00
29.6,63.33,21.9,0.0,1007.0,15.5,5.0,8.6,2020-05-16 00:00:00
29.2,66.82,22.4,0.0,1006.0,11.9,4.3,12.1,2020-05-16 01:00:00
27.8,75.62,23.1,0.0,1006.0,10.1,4.0,16.6,2020-05-16 02:00:00
27.5,78.37,23.4,0.0,1006.0,8.6,4.0,34.4,2020-05-16 03:00:00
27.2,75.53,22.5,0.0,1006.0,7.9,3.6,19.6,2020-05-16 04:00:00
27.1,76.9,22.7,0.0,1005.0,7.9,4.3,23.4,2020-05-16 05:00:00
27.9,76.1,23.3,0.0,1006.0,8.6,4.0,26.0,2020-05-16 06:00:00
28.1,75.67,23.4,0.0,1007.0,9.4,4.0,69.6,2020-05-16 07:00:00
33.1,49.72,21.2,0.0,1004.7,12.6,0.0,84.6,2020-05-16 08:00:00
29.9,71.12,24.1,0.0,1008.0,13.7,2.9,97.8,2020-05-16 09:00:00
30.4,69.1,24.1,0.0,1008.0,14.4,1.8,97.1,2020-05-16 10:00:00
33.6,53.95,23.0,0.0,1007.0,17.3,1.8,99.2,2020-05-16 11:00:00
35.3,48.78,22.9,0.0,1006.0,30.2,4.3,99.5,2020-05-16 12:00:00
35.9,48.35,23.3,0.0,1005.0,24.8,6.8,98.7,2020-05-16 13:00:00
37.6,42.22,22.6,0.0,1004.0,26.3,9.4,100.0,2020-05-16 14:00:00
37.7,40.98,22.2,0.0,1003.0,27.7,11.9,100.0,2020-05-16 15:00:00
34.8,48.65,22.4,0.3,1002.0,28.4,10.1,100.0,2020-05-16 16:00:00
36.2,41.85,21.2,0.2,998.5,26.6,3.6,80.0,2020-05-16 17:00:00
33.8,52.07,22.6,0.0,1003.0,29.5,8.3,92.9,2020-05-16 18:00:00
34.2,49.69,22.2,0.0,1004.0,26.6,5.4,91.8,2020-05-16 19:00:00
33.1,57.18,23.5,0.0,1005.0,12.2,4.7,100.0,2020-05-16 20:00:00
30.9,64.38,23.4,0.0,1006.0,6.1,5.4,100.0,2020-05-16 21:00:00
30.9,60.97,22.5,0.0,1006.0,6.8,5.4,100.0,2020-05-16 22:00:00
30.3,65.43,23.1,0.0,1007.0,7.6,5.0,100.0,2020-05-16 23:00:00
30.3,64.26,22.8,0.0,1006.0,8.6,5.0,100.0,2020-05-17 00:00:00
30.4,64.28,22.9,0.0,1006.0,14.4,4.3,100.0,2020-05-17 01:00:00
29.7,66.92,22.9,0.0,1006.0,11.9,3.2,100.0,2020-05-17 02:00:00
29.2,68.87,22.9,0.0,1005.0,5.4,2.5,100.0,2020-05-17 03:00:00
28.3,78.01,24.1,0.0,1005.0,4.7,0.4,100.0,2020-05-17 04:00:00
28.6,74.39,23.6,0.1,1005.0,4.0,2.9,100.0,2020-05-17 05:00:00
28.9,73.55,23.7,0.3,1006.0,10.1,2.2,100.0,2020-05-17 06:00:00
28.8,74.43,23.8,0.1,1006.0,14.8,2.5,100.0,2020-05-17 07:00:00
31.1,59.19,22.2,0.0,1003.1,14.4,3.6,80.0,2020-05-17 08:00:00
29.7,76.83,25.2,0.0,1007.0,15.5,5.4,100.0,2020-05-17 09:00:00
29.7,75.92,25.0,0.0,1007.0,15.1,5.8,99.3,2020-05-17 10:00:00
32.7,61.74,24.4,0.0,1006.0,15.1,5.0,100.0,2020-05-17 11:00:00
34.1,55.72,24.0,0.0,1005.0,27.0,5.4,100.0,2020-05-17 12:00:00
34.3,55.1,24.0,0.0,1004.0,26.6,6.5,100.0,2020-05-17 13:00:00
36.6,46.24,23.2,0.0,1003.0,24.8,7.9,100.0,2020-05-17 14:00:00
36.7,44.89,22.8,0.0,1002.0,24.5,8.6,100.0,2020-05-17 15:00:00
34.6,53.87,23.9,0.3,1001.0,26.6,7.9,100.0,2020-05-17 16:00:00
37.0,43.65,22.7,0.1,998.7,28.1,7.6,100.0,2020-05-17 17:00:00
36.0,49.55,23.8,0.0,1002.0,24.1,10.4,100.0,2020-05-17 18:00:00
35.8,49.2,23.5,0.0,1002.0,15.5,5.0,100.0,2020-05-17 19:00:00
35.3,48.78,22.9,0.0,1003.0,8.6,3.2,100.0,2020-05-17 20:00:00
33.8,51.13,22.3,0.0,1004.0,4.7,2.2,100.0,2020-05-17 21:00:00
32.6,57.41,23.1,0.0,1005.0,6.8,5.0,100.0,2020-05-17 22:00:00
32.2,57.32,22.7,0.0,1005.0,6.8,4.3,100.0,2020-05-17 23:00:00
31.6,57.18,22.1,0.0,1004.0,6.8,4.3,100.0,2020-05-18 00:00:00
30.6,61.65,22.4,0.0,1004.0,11.2,5.8,100.0,2020-05-18 01:00:00
28.9,67.57,22.3,0.0,1003.0,19.1,9.7,100.0,2020-05-18 02:00:00
28.4,68.72,22.1,0.0,1003.0,28.8,12.6,100.0,2020-05-18 03:00:00
28.5,72.16,23.0,0.0,1002.0,29.9,11.9,100.0,2020-05-18 04:00:00
28.4,71.71,22.8,0.0,1001.0,28.8,6.8,99.9,2020-05-18 05:00:00
28.8,69.64,22.7,0.0,1002.0,25.2,5.4,99.9,2020-05-18 06:00:00
28.8,70.49,22.9,0.0,1003.0,14.4,7.2,100.0,2020-05-18 07:00:00
27.2,77.38,22.9,0.0,1000.6,19.4,3.6,50.0,2020-05-18 08:00:00
30.2,64.63,22.8,0.0,1004.0,29.2,15.5,100.0,2020-05-18 09:00:00
30.2,65.02,22.9,0.0,1004.0,31.7,16.9,100.0,2020-05-18 10:00:00
34.0,52.12,22.8,0.0,1003.0,36.7,16.9,100.0,2020-05-18 11:00:00
35.6,44.06,21.5,0.0,1003.0,40.0,16.9,100.0,2020-05-18 12:00:00
36.1,42.6,21.4,0.0,1002.0,40.3,15.8,100.0,2020-05-18 13:00:00
37.3,38.68,20.9,0.1,1000.0,38.2,14.8,100.0,2020-05-18 14:00:00
37.7,38.55,21.2,0.0,1000.0,33.8,15.1,100.0,2020-05-18 15:00:00
36.5,43.23,22.0,0.0,999.0,34.6,13.0,100.0,2020-05-18 16:00:00
39.1,40.86,23.4,0.5,994.3,32.8,0.0,0.0,2020-05-18 17:00:00
35.2,45.04,21.5,0.0,999.0,27.4,9.0,100.0,2020-05-18 18:00:00
35.2,43.95,21.1,0.0,1000.0,19.8,5.0,100.0,2020-05-18 19:00:00
32.9,54.76,22.6,0.0,1000.0,8.3,6.8,100.0,2020-05-18 20:00:00
32.2,53.93,21.7,0.0,1002.0,8.3,6.8,100.0,2020-05-18 21:00:00
32.0,53.88,21.5,0.0,1001.0,7.2,3.6,100.0,2020-05-18 22:00:00
30.7,58.73,21.7,0.0,1002.0,7.6,3.2,100.0,2020-05-18 23:00:00
30.3,57.57,21.0,0.0,1001.0,10.4,2.9,100.0,2020-05-19 00:00:00
30.6,53.53,20.1,0.0,1001.0,6.8,2.2,100.0,2020-05-19 01:00:00
29.1,57.64,19.9,0.0,1001.0,10.8,7.2,100.0,2020-05-19 02:00:00
29.0,58.34,20.0,0.0,1001.0,18.7,9.4,100.0,2020-05-19 03:00:00
27.9,64.54,20.6,0.0,1002.0,25.6,7.9,100.0,2020-05-19 04:00:00
27.6,69.41,21.5,0.0,1001.0,29.2,9.7,100.0,2020-05-19 05:00:00
28.2,72.99,22.9,0.0,1001.0,30.6,12.6,100.0,2020-05-19 06:00:00
28.3,72.57,22.9,0.0,1001.0,32.4,15.5,100.0,2020-05-19 07:00:00
28.7,79.96,24.9,0.0,999.5,35.6,1.8,80.0,2020-05-19 08:00:00
29.9,61.87,21.8,0.0,1002.0,45.0,20.9,100.0,2020-05-19 09:00:00
30.5,57.97,21.3,0.0,1002.0,49.3,22.3,100.0,2020-05-19 10:00:00
34.2,41.31,19.2,0.0,1002.0,50.0,22.3,100.0,2020-05-19 11:00:00
36.0,37.39,19.2,0.0,1001.0,50.8,20.9,100.0,2020-05-19 12:00:00
36.1,37.18,19.2,0.0,1000.0,47.9,19.1,100.0,2020-05-19 13:00:00
38.4,29.48,17.5,0.0,999.0,43.6,18.7,100.0,2020-05-19 14:00:00
38.5,28.95,17.3,0.0,999.0,42.1,19.1,100.0,2020-05-19 15:00:00
37.5,33.17,18.6,0.0,998.0,42.8,17.3,100.0,2020-05-19 16:00:00
37.4,32.73,18.3,0.0,998.0,38.9,16.6,100.0,2020-05-19 17:00:00
37.6,31.58,17.9,0.0,998.0,34.6,11.5,100.0,2020-05-19 18:00:00
37.6,30.02,17.1,0.0,998.0,27.4,8.3,100.0,2020-05-19 19:00:00
34.0,36.84,17.2,0.0,999.0,21.2,10.1,100.0,2020-05-19 20:00:00
32.4,36.4,15.6,0.0,1000.0,18.4,10.4,100.0,2020-05-19 21:00:00
32.5,36.66,15.8,0.0,1000.0,20.2,9.4,100.0,2020-05-19 22:00:00
30.2,44.54,16.8,0.0,1001.0,20.2,9.4,100.0,2020-05-19 23:00:00
30.3,39.73,15.1,0.0,1001.0,20.5,9.7,100.0,2020-05-20 00:00:00
31.1,42.31,16.8,0.0,1001.0,30.6,14.8,100.0,2020-05-20 01:00:00
30.0,58.21,20.9,0.0,1001.0,37.4,17.3,100.0,2020-05-20 02:00:00
29.7,63.35,22.0,0.0,1001.0,39.6,18.0,100.0,2020-05-20 03:00:00
29.5,61.03,21.2,0.0,1001.0,41.8,17.6,100.0,2020-05-20 04:00:00
29.5,61.78,21.4,0.0,1001.0,43.6,19.1,100.0,2020-05-20 05:00:00
30.2,64.63,22.8,0.0,1002.0,44.3,19.8,100.0,2020-05-20 06:00:00
30.1,66.59,23.2,0.0,1002.0,44.6,20.2,99.8,2020-05-20 07:00:00
29.2,66.82,22.4,0.0,1000.4,46.4,1.8,80.0,2020-05-20 08:00:00
30.8,64.75,23.4,0.0,1004.0,52.2,24.1,100.0,2020-05-20 09:00:00
30.7,63.18,22.9,0.0,1003.0,52.6,23.0,100.0,2020-05-20 10:00:00
34.1,47.88,21.5,0.0,1003.0,52.2,21.6,100.0,2020-05-20 11:00:00
36.0,42.83,21.4,0.0,1002.0,50.0,19.4,100.0,2020-05-20 12:00:00
36.8,40.99,21.4,0.0,1002.0,43.2,16.6,100.0,2020-05-20 13:00:00
39.8,31.18,19.6,0.0,1001.0,38.9,14.0,99.8,2020-05-20 14:00:00
39.6,30.56,19.1,0.0,1000.0,33.5,12.6,99.1,2020-05-20 15:00:00
38.2,33.99,19.6,0.0,999.0,29.5,11.2,99.9,2020-05-20 16:00:00
38.3,32.98,19.2,0.0,999.0,25.2,9.7,100.0,2020-05-20 17:00:00
38.7,40.76,23.0,0.0,999.0,18.7,5.0,99.7,2020-05-20 18:00:00
38.5,33.24,19.5,0.0,1000.0,10.4,6.8,99.9,2020-05-20 19:00:00
36.0,35.79,18.5,0.0,1001.0,12.2,8.6,100.0,2020-05-20 20:00:00
33.0,38.72,17.1,0.0,1002.0,13.7,9.4,100.0,2020-05-20 21:00:00
32.0,40.45,16.9,0.0,1002.0,14.4,9.4,99.8,2020-05-20 22:00:00
30.3,46.29,17.5,0.0,1003.0,14.4,8.6,99.3,2020-05-20 23:00:00
30.5,42.68,16.4,0.0,1003.0,14.4,10.8,100.0,2020-05-21 00:00:00
31.8,37.18,15.4,0.0,1004.0,34.2,15.8,98.5,2020-05-21 01:00:00
31.1,50.12,19.5,0.0,1003.0,37.4,17.6,100.0,2020-05-21 02:00:00
30.0,59.29,21.2,0.0,1003.0,39.6,19.1,100.0,2020-05-21 03:00:00
29.4,66.05,22.4,0.0,1004.0,43.9,19.4,100.0,2020-05-21 04:00:00
29.5,67.69,22.9,0.0,1003.0,44.6,20.5,100.0,2020-05-21 05:00:00
31.4,64.88,24.0,0.0,1004.0,44.3,20.2,100.0,2020-05-21 06:00:00
31.4,64.49,23.9,0.0,1004.0,42.8,19.4,100.0,2020-05-21 07:00:00
31.5,64.51,24.0,0.0,1005.0,46.1,22.0,98.1,2020-05-21 08:00:00
31.6,64.53,24.1,0.0,1005.0,49.7,22.7,100.0,2020-05-21 09:00:00
31.7,63.78,24.0,0.0,1005.0,50.4,22.7,93.8,2020-05-21 10:00:00
35.2,47.01,22.2,0.0,1005.0,50.4,21.2,80.0,2020-05-21 11:00:00
36.7,42.24,21.8,0.0,1004.0,48.6,19.4,68.6,2020-05-21 12:00:00
37.3,41.63,22.1,0.0,1004.0,44.3,16.6,84.2,2020-05-21 13:00:00
37.9,38.84,21.5,0.0,1002.0,39.2,14.4,86.5,2020-05-21 14:00:00
40.4,27.85,18.3,0.0,1002.0,34.6,12.6,78.6,2020-05-21 15:00:00
39.4,30.5,18.9,0.0,1000.0,29.2,10.4,75.1,2020-05-21 16:00:00
39.1,30.42,18.6,0.0,1000.0,25.2,9.4,89.4,2020-05-21 17:00:00
38.3,41.9,23.1,0.0,1000.0,18.7,5.4,32.3,2020-05-21 18:00:00
38.0,34.36,19.6,0.0,1001.0,11.2,6.1,13.0,2020-05-21 19:00:00
35.5,38.43,19.2,0.0,1002.0,12.6,7.9,23.8,2020-05-21 20:00:00
33.6,40.89,18.5,0.0,1003.0,13.0,9.0,33.1,2020-05-21 21:00:00
32.7,42.47,18.3,0.0,1003.0,13.3,8.6,0.7,2020-05-21 22:00:00
31.6,45.49,18.4,0.0,1004.0,13.0,8.3,17.0,2020-05-21 23:00:00
28.8,55.11,18.9,0.0,1003.0,13.3,7.9,64.7,2020-05-22 00:00:00
29.0,49.89,17.5,0.0,1004.0,19.4,9.7,71.5,2020-05-22 01:00:00
31.0,44.48,17.5,0.0,1004.0,33.5,16.2,70.3,2020-05-22 02:00:00
30.9,53.94,20.5,0.0,1004.0,39.2,18.0,60.2,2020-05-22 03:00:00
29.8,58.88,20.9,0.0,1004.0,38.9,15.5,30.4,2020-05-22 04:00:00
29.7,64.52,22.3,0.0,1004.0,39.6,16.9,0.0,2020-05-22 05:00:00
29.5,66.07,22.5,0.0,1005.0,40.7,18.0,0.0,2020-05-22 06:00:00
29.1,67.2,22.4,0.0,1005.0,42.8,19.8,35.8,2020-05-22 07:00:00
31.5,63.35,23.7,0.0,1006.0,47.2,22.3,53.0,2020-05-22 08:00:00
32.7,59.55,23.8,0.0,1007.0,50.4,23.0,35.1,2020-05-22 09:00:00
33.1,57.18,23.5,0.0,1006.0,50.8,22.0,24.8,2020-05-22 10:00:00
36.3,45.61,22.7,0.0,1006.0,49.3,19.8,0.0,2020-05-22 11:00:00
36.9,41.78,21.8,0.0,1005.0,45.7,16.9,0.0,2020-05-22 12:00:00
37.5,40.68,21.9,0.0,1005.0,38.2,13.0,4.0,2020-05-22 13:00:00
40.2,31.29,20.0,0.0,1004.0,32.8,9.4,20.0,2020-05-22 14:00:00
40.1,28.12,18.2,0.0,1003.0,25.9,7.6,24.7,2020-05-22 15:00:00
38.9,29.62,18.0,0.0,1002.0,21.2,5.0,24.6,2020-05-22 16:00:00
39.2,29.69,18.3,0.0,1002.0,18.4,5.0,13.3,2020-05-22 17:00:00
38.5,41.2,23.0,0.0,1002.0,16.2,2.9,9.1,2020-05-22 18:00:00
40.3,26.79,17.6,0.0,1003.0,9.0,2.5,15.5,2020-05-22 19:00:00
37.3,33.96,18.8,0.0,1004.0,7.6,0.7,88.3,2020-05-22 20:00:00
33.7,37.94,17.4,0.0,1005.0,8.6,2.5,98.9,2020-05-22 21:00:00
33.0,36.8,16.3,0.0,1005.0,9.4,4.0,99.1,2020-05-22 22:00:00
31.2,43.14,17.2,0.0,1006.0,9.7,5.0,97.9,2020-05-22 23:00:00
31.3,40.26,16.2,0.0,1005.0,9.7,5.8,93.4,2020-05-23 00:00:00
31.1,39.69,15.8,0.0,1005.0,11.2,7.2,78.9,2020-05-23 01:00:00
30.6,40.58,15.7,0.0,1004.0,12.2,7.9,81.5,2020-05-23 02:00:00
27.9,50.24,16.6,0.0,1004.0,13.3,8.6,92.0,2020-05-23 03:00:00
29.4,42.38,15.3,0.0,1004.0,18.4,7.6,88.9,2020-05-23 04:00:00
29.7,42.46,15.6,0.0,1004.0,25.6,9.4,82.2,2020-05-23 05:00:00
30.4,46.32,17.6,0.0,1005.0,26.6,10.8,63.3,2020-05-23 06:00:00
30.1,56.12,20.4,0.0,1006.0,27.4,11.5,48.0,2020-05-23 07:00:00
31.4,60.34,22.8,0.0,1007.0,29.5,12.6,31.4,2020-05-23 08:00:00
33.5,54.91,23.2,0.0,1007.0,37.1,14.4,14.8,2020-05-23 09:00:00
34.1,54.4,23.6,0.0,1006.0,37.4,13.7,2.1,2020-05-23 10:00:00
37.4,42.43,22.5,0.0,1006.0,37.1,12.2,0.0,2020-05-23 11:00:00
38.6,36.94,21.3,0.0,1005.0,34.2,10.1,4.6,2020-05-23 12:00:00
39.0,34.85,20.7,0.0,1004.0,25.2,6.5,19.1,2020-05-23 13:00:00
40.3,28.35,18.5,0.0,1004.0,20.9,3.2,23.3,2020-05-23 14:00:00
40.1,25.74,16.8,0.0,1003.0,15.8,5.4,18.6,2020-05-23 15:00:00
38.6,34.95,20.4,0.0,1002.0,16.6,6.5,18.3,2020-05-23 16:00:00
42.6,23.87,17.7,0.0,997.8,18.4,0.0,0.0,2020-05-23 17:00:00
37.8,40.51,22.1,0.0,1002.0,16.9,6.8,11.4,2020-05-23 18:00:00
37.9,31.86,18.3,0.0,1003.0,13.7,9.4,14.8,2020-05-23 19:00:00
35.8,37.33,19.0,0.0,1004.0,18.7,11.5,11.3,2020-05-23 20:00:00
33.9,50.23,22.1,0.0,1006.0,19.4,9.4,13.5,2020-05-23 21:00:00
32.9,59.96,24.1,0.0,1006.0,14.8,6.5,7.1,2020-05-23 22:00:00
31.4,67.25,24.6,0.0,1007.0,12.2,6.1,18.8,2020-05-23 23:00:00
31.5,68.49,25.0,0.0,1007.0,10.8,5.4,27.3,2020-05-24 00:00:00
31.1,72.18,25.5,0.0,1007.0,10.4,5.0,26.7,2020-05-24 01:00:00
31.0,72.17,25.4,0.0,1006.0,9.0,4.0,21.6,2020-05-24 02:00:00
30.7,73.85,25.5,0.0,1006.0,9.7,4.7,26.8,2020-05-24 03:00:00
28.3,87.89,26.1,0.0,1006.0,10.4,3.2,26.2,2020-05-24 04:00:00
28.4,87.38,26.1,0.0,1006.0,10.8,4.3,90.8,2020-05-24 05:00:00
29.6,84.95,26.8,0.0,1007.0,11.2,5.0,49.7,2020-05-24 06:00:00
30.5,79.73,26.6,0.0,1007.0,10.8,4.3,33.6,2020-05-24 07:00:00
33.1,61.09,24.6,0.0,1003.0,16.6,0.0,2.0,2020-05-24 08:00:00
33.1,61.09,24.6,0.0,1008.0,27.7,10.4,5.9,2020-05-24 09:00:00
33.1,61.46,24.7,0.0,1008.0,29.2,10.1,3.0,2020-05-24 10:00:00
36.0,49.55,23.8,0.0,1008.0,29.2,9.0,0.2,2020-05-24 11:00:00
37.5,44.56,23.4,0.0,1007.0,28.4,7.9,6.9,2020-05-24 12:00:00
37.6,44.05,23.3,0.0,1006.0,22.7,5.8,7.1,2020-05-24 13:00:00
39.3,35.8,21.4,0.0,1005.0,19.8,3.2,16.7,2020-05-24 14:00:00
39.5,32.49,20.0,0.0,1004.0,15.1,1.4,19.9,2020-05-24 15:00:00
38.5,39.01,22.1,0.0,1004.0,15.1,4.7,59.7,2020-05-24 16:00:00
38.2,31.15,18.2,0.0,999.1,16.2,0.0,0.0,2020-05-24 17:00:00
38.4,41.67,23.1,0.0,1003.0,15.1,3.6,40.1,2020-05-24 18:00:00
37.9,34.55,19.6,0.0,1004.0,11.5,6.1,33.6,2020-05-24 19:00:00
37.1,37.45,20.2,0.0,1005.0,20.5,10.4,23.1,2020-05-24 20:00:00
33.8,55.32,23.6,0.0,1006.0,25.9,12.2,16.0,2020-05-24 21:00:00
32.5,68.27,25.9,0.0,1007.0,26.3,11.9,9.6,2020-05-24 22:00:00
30.8,79.77,26.9,0.0,1008.0,20.2,8.3,4.8,2020-05-24 23:00:00
30.3,83.54,27.2,0.0,1008.0,12.2,5.4,5.4,2020-05-25 00:00:00
29.7,86.47,27.2,0.0,1008.0,12.6,4.0,4.8,2020-05-25 01:00:00
28.9,90.56,27.2,0.0,1008.0,10.4,4.0,3.0,2020-05-25 02:00:00
28.6,91.08,27.0,0.0,1007.0,10.8,4.3,14.2,2020-05-25 03:00:00
28.2,89.98,26.4,0.0,1007.0,10.4,6.1,22.3,2020-05-25 04:00:00
28.0,91.58,26.5,0.0,1007.0,11.9,5.8,53.1,2020-05-25 05:00:00
29.3,85.93,26.7,0.0,1008.0,15.1,7.2,74.6,2020-05-25 06:00:00
29.9,83.99,26.9,0.0,1008.0,16.6,10.8,86.1,2020-05-25 07:00:00
33.1,61.09,24.6,0.0,1004.8,20.5,0.0,74.7,2020-05-25 08:00:00
32.1,71.51,26.3,0.0,1009.0,23.4,10.1,42.6,2020-05-25 09:00:00
32.3,68.64,25.8,0.0,1009.0,24.1,9.0,45.0,2020-05-25 10:00:00
34.7,55.86,24.6,0.0,1009.0,25.2,8.3,49.8,2020-05-25 11:00:00
36.7,48.85,24.2,0.0,1008.0,25.9,7.6,46.9,2020-05-25 12:00:00
37.0,47.76,24.1,0.0,1007.0,22.3,5.4,62.7,2020-05-25 13:00:00
39.2,40.4,23.3,0.0,1006.0,19.8,1.8,69.3,2020-05-25 14:00:00
39.5,37.41,22.3,0.0,1006.0,14.8,3.2,47.4,2020-05-25 15:00:00
38.7,39.78,22.6,0.0,1005.0,16.9,4.3,52.2,2020-05-25 16:00:00
41.7,33.07,22.2,0.0,998.7,16.9,1.8,50.0,2020-05-25 17:00:00
37.8,38.82,21.4,0.0,1005.0,21.6,11.9,55.3,2020-05-25 18:00:00
37.5,40.43,21.8,0.0,1006.0,29.5,13.3,52.2,2020-05-25 19:00:00
35.6,51.89,24.2,0.0,1007.0,29.5,13.3,46.8,2020-05-25 20:00:00
32.2,66.61,25.2,0.0,1008.0,27.7,13.0,25.9,2020-05-25 21:00:00
31.4,74.4,26.3,0.0,1009.0,25.2,10.8,24.0,2020-05-25 22:00:00
30.2,81.11,26.6,0.0,1009.0,21.2,9.0,22.4,2020-05-25 23:00:00
29.9,83.5,26.8,0.0,1009.0,17.3,7.6,11.5,2020-05-26 00:00:00
29.7,83.47,26.6,0.0,1008.0,16.6,6.5,15.9,2020-05-26 01:00:00
28.5,88.43,26.4,0.0,1008.0,14.8,6.1,12.8,2020-05-26 02:00:00
28.4,87.9,26.2,0.0,1008.0,14.4,5.8,20.0,2020-05-26 03:00:00
27.5,89.93,25.7,0.0,1008.0,13.0,5.4,55.7,2020-05-26 04:00:00
27.4,91.0,25.8,0.0,1007.0,10.4,4.7,43.3,2020-05-26 05:00:00
28.9,86.4,26.4,0.0,1008.0,10.1,4.3,41.8,2020-05-26 06:00:00
29.0,85.9,26.4,0.0,1008.0,9.0,3.2,37.4,2020-05-26 07:00:00
31.1,71.76,25.4,0.0,1004.2,13.7,0.0,38.7,2020-05-26 08:00:00
30.9,76.56,26.3,0.0,1009.0,17.3,6.1,18.2,2020-05-26 09:00:00
31.5,73.11,26.1,0.0,1009.0,20.9,6.5,5.3,2020-05-26 10:00:00
34.1,62.41,25.9,0.0,1009.0,22.3,5.8,13.3,2020-05-26 11:00:00
36.4,53.35,25.4,0.0,1008.0,22.0,3.6,6.7,2020-05-26 12:00:00
37.3,50.18,25.2,0.0,1007.0,18.7,0.7,10.5,2020-05-26 13:00:00
39.1,44.18,24.7,0.0,1006.0,15.5,2.2,18.0,2020-05-26 14:00:00
39.2,43.42,24.5,0.0,1006.0,15.5,2.9,20.0,2020-05-26 15:00:00
37.2,50.16,25.1,0.0,1005.0,14.4,2.5,10.7,2020-05-26 16:00:00
42.1,28.12,19.9,0.0,998.9,14.4,1.8,50.0,2020-05-26 17:00:00
37.6,46.23,24.1,0.0,1005.0,13.7,4.7,23.3,2020-05-26 18:00:00
36.7,50.94,24.9,0.1,1005.0,12.2,5.4,14.0,2020-05-26 19:00:00
35.6,55.09,25.2,0.0,1006.0,9.4,6.1,13.6,2020-05-26 20:00:00
33.4,59.35,24.4,0.0,1007.0,15.1,10.1,43.1,2020-05-26 21:00:00
32.1,66.2,25.0,0.0,1007.0,22.0,12.2,77.1,2020-05-26 22:00:00
30.5,76.95,26.0,0.0,1008.0,23.0,10.4,84.2,2020-05-26 23:00:00
29.9,81.07,26.3,0.0,1008.0,20.5,7.6,76.1,2020-05-27 00:00:00
29.7,82.5,26.4,0.0,1008.0,16.2,6.1,84.9,2020-05-27 01:00:00
28.9,85.89,26.3,0.0,1008.0,13.3,6.5,86.2,2020-05-27 02:00:00
29.0,85.39,26.3,0.0,1008.0,14.4,6.8,86.9,2020-05-27 03:00:00
28.8,84.37,25.9,0.0,1008.0,14.8,6.5,87.4,2020-05-27 04:00:00
28.6,84.85,25.8,0.0,1007.0,12.6,5.0,89.2,2020-05-27 05:00:00
29.3,84.42,26.4,0.0,1008.0,9.7,3.6,84.6,2020-05-27 06:00:00
30.1,82.06,26.7,0.0,1008.0,10.8,5.4,81.3,2020-05-27 07:00:00
32.1,65.8,24.9,0.0,1004.0,17.3,0.0,49.8,2020-05-27 08:00:00
32.1,68.2,25.5,0.0,1008.0,22.3,10.1,45.3,2020-05-27 09:00:00
32.3,68.64,25.8,0.0,1008.0,24.1,10.1,3.6,2020-05-27 10:00:00
34.9,57.95,25.4,0.0,1008.0,24.5,9.7,2.6,2020-05-27 11:00:00
36.8,51.27,25.1,0.0,1007.0,24.8,9.4,5.9,2020-05-27 12:00:00
37.2,50.46,25.2,0.0,1006.0,26.3,8.6,8.6,2020-05-27 13:00:00
39.0,44.16,24.6,0.0,1005.0,24.1,7.2,28.1,2020-05-27 14:00:00
38.7,41.5,23.3,0.0,1004.0,21.2,6.1,40.6,2020-05-27 15:00:00
38.0,45.5,24.2,0.0,1003.0,19.4,4.7,49.2,2020-05-27 16:00:00
40.7,32.81,21.2,0.0,997.9,16.9,3.6,80.0,2020-05-27 17:00:00
38.5,45.63,24.7,0.0,1003.0,11.9,2.9,26.3,2020-05-27 18:00:00
37.3,51.09,25.5,0.0,1004.0,9.0,2.9,28.2,2020-05-27 19:00:00
36.6,50.91,24.8,0.0,1004.0,9.7,4.0,23.9,2020-05-27 20:00:00
35.5,45.12,21.8,0.0,1005.0,7.6,5.0,26.9,2020-05-27 21:00:00
33.5,52.63,22.5,0.0,1006.0,9.7,6.8,21.9,2020-05-27 22:00:00
32.2,59.8,23.4,0.0,1006.0,13.7,7.2,11.3,2020-05-27 23:00:00
31.2,67.62,24.5,0.0,1006.0,15.1,6.1,7.3,2020-05-28 00:00:00
30.6,73.83,25.4,0.0,1006.0,13.0,4.7,7.1,2020-05-28 01:00:00
29.4,79.58,25.5,0.0,1005.0,10.4,4.0,10.5,2020-05-28 02:00:00
29.9,76.4,25.3,0.0,1005.0,13.0,5.8,35.8,2020-05-28 03:00:00
29.9,70.69,24.0,0.0,1005.0,15.8,6.5,52.6,2020-05-28 04:00:00
30.8,59.12,21.9,0.0,1005.0,23.0,6.1,67.7,2020-05-28 05:00:00
32.5,54.33,22.1,0.0,1005.0,29.2,9.7,39.7,2020-05-28 06:00:00
32.2,55.6,22.2,0.0,1006.0,31.0,11.9,27.6,2020-05-28 07:00:00
32.4,62.04,24.2,0.0,1002.9,37.1,0.0,44.0,2020-05-28 08:00:00
31.9,64.59,24.4,0.0,1007.0,41.0,16.9,63.2,2020-05-28 09:00:00
31.9,64.98,24.5,0.0,1007.0,41.0,16.2,67.4,2020-05-28 10:00:00
34.7,53.57,23.9,0.0,1007.0,40.0,15.1,71.0,2020-05-28 11:00:00
36.9,44.4,22.8,0.0,1005.0,37.8,14.0,70.5,2020-05-28 12:00:00
37.6,43.0,22.9,0.0,1004.0,33.5,12.6,69.9,2020-05-28 13:00:00
39.5,35.85,21.6,0.0,1003.0,31.3,10.8,77.5,2020-05-28 14:00:00
39.6,32.31,20.0,0.0,1003.0,28.1,9.0,65.3,2020-05-28 15:00:00
38.7,36.3,21.1,0.0,1001.0,23.4,7.6,67.5,2020-05-28 16:00:00
42.7,24.04,17.9,0.0,996.6,19.8,0.0,0.0,2020-05-28 17:00:00
39.1,30.8,18.8,0.0,1001.0,13.0,4.0,64.9,2020-05-28 18:00:00
39.1,35.74,21.2,0.0,1001.0,6.1,2.2,44.0,2020-05-28 19:00:00
34.7,44.36,20.8,0.0,1002.0,10.4,4.3,44.5,2020-05-28 20:00:00
33.1,47.91,20.6,0.0,1003.0,11.5,5.8,30.7,2020-05-28 21:00:00
32.8,48.73,20.6,0.0,1004.0,11.5,5.4,32.0,2020-05-28 22:00:00
33.0,44.46,19.3,0.0,1005.0,10.8,6.5,26.8,2020-05-28 23:00:00
33.3,42.37,18.8,0.0,1005.0,10.1,6.5,19.9,2020-05-29 00:00:00
31.4,53.07,20.7,0.0,1005.0,11.5,5.0,20.6,2020-05-29 01:00:00
30.0,59.29,21.2,0.0,1005.0,11.2,5.8,46.5,2020-05-29 02:00:00
30.2,54.1,19.9,0.0,1004.0,14.4,6.1,35.3,2020-05-29 03:00:00
30.7,50.02,19.1,0.0,1005.0,21.2,6.5,24.9,2020-05-29 04:00:00
31.2,46.82,18.5,0.0,1005.0,29.5,10.1,21.0,2020-05-29 05:00:00
32.1,47.95,19.7,0.0,1005.0,35.6,13.7,17.1,2020-05-29 06:00:00
31.4,56.09,21.6,0.0,1006.0,38.5,16.6,26.7,2020-05-29 07:00:00
33.1,55.15,22.9,0.0,1004.0,44.6,0.0,47.2,2020-05-29 08:00:00
31.9,60.46,23.3,0.0,1007.0,47.9,20.2,17.4,2020-05-29 09:00:00
32.0,61.95,23.8,0.0,1007.0,47.9,19.1,16.1,2020-05-29 10:00:00
34.9,51.4,23.4,0.0,1006.0,46.4,16.9,6.1,2020-05-29 11:00:00
36.9,44.13,22.7,0.0,1005.0,42.5,14.8,1.7,2020-05-29 12:00:00
37.5,42.71,22.7,0.0,1005.0,34.6,11.2,32.3,2020-05-29 13:00:00
39.3,36.68,21.8,0.0,1004.0,29.2,8.6,34.9,2020-05-29 14:00:00
39.8,33.38,20.7,0.0,1003.0,22.7,6.1,28.7,2020-05-29 15:00:00
38.5,38.3,21.8,0.0,1002.0,18.7,5.8,27.1,2020-05-29 16:00:00
42.2,29.39,20.7,0.0,996.6,15.1,0.0,0.0,2020-05-29 17:00:00
37.7,42.51,22.8,0.0,1002.0,9.4,3.6,34.4,2020-05-29 18:00:00
37.2,42.89,22.5,0.0,1003.0,10.4,5.8,34.2,2020-05-29 19:00:00
35.2,42.88,20.7,0.0,1004.0,11.2,6.5,27.0,2020-05-29 20:00:00
33.7,43.28,19.5,0.0,1005.0,11.2,4.0,19.1,2020-05-29 21:00:00
33.5,40.86,18.4,0.0,1005.0,11.9,2.9,38.0,2020-05-29 22:00:00
32.5,44.04,18.7,0.0,1006.0,14.4,4.7,38.5,2020-05-29 23:00:00
32.6,43.8,18.7,0.0,1006.0,16.2,5.8,24.7,2020-05-30 00:00:00
32.0,45.88,18.9,0.0,1006.0,11.2,5.4,28.5,2020-05-30 01:00:00
29.6,54.29,19.4,0.0,1005.0,11.9,6.1,50.2,2020-05-30 02:00:00
29.8,53.33,19.3,0.0,1005.0,17.6,8.6,43.0,2020-05-30 03:00:00
30.3,49.61,18.6,0.0,1006.0,26.3,12.6,53.5,2020-05-30 04:00:00
30.3,53.13,19.7,0.0,1006.0,28.1,12.2,70.5,2020-05-30 05:00:00
30.2,53.77,19.8,0.0,1007.0,28.4,12.2,99.1,2020-05-30 06:00:00
30.0,58.21,20.9,0.0,1007.0,27.7,13.0,100.0,2020-05-30 07:00:00
26.7,79.69,22.9,0.0,1005.8,29.9,3.6,100.0,2020-05-30 08:00:00
30.8,62.07,22.7,0.0,1009.0,32.8,15.1,100.0,2020-05-30 09:00:00
31.2,61.78,23.0,0.0,1009.0,32.4,14.4,100.0,2020-05-30 10:00:00
33.3,54.53,22.9,0.0,1009.0,31.3,14.0,100.0,2020-05-30 11:00:00
34.6,51.33,23.1,0.0,1008.0,29.5,12.2,67.3,2020-05-30 12:00:00
35.7,49.48,23.5,0.0,1007.0,29.5,10.4,47.1,2020-05-30 13:00:00
36.6,42.73,21.9,0.0,1006.0,26.6,8.6,38.4,2020-05-30 14:00:00
37.2,39.13,21.0,0.0,1005.0,22.3,6.5,28.9,2020-05-30 15:00:00
37.1,43.39,22.6,0.0,1004.0,19.1,6.1,98.5,2020-05-30 16:00:00
37.6,41.71,22.4,0.0,1000.0,15.8,1.8,30.0,2020-05-30 17:00:00
37.4,40.65,21.8,0.0,1004.0,13.0,4.7,84.4,2020-05-30 18:00:00
37.0,37.89,20.3,0.1,1005.0,19.1,6.1,66.3,2020-05-30 19:00:00
35.1,44.74,21.3,0.0,1006.0,19.4,6.5,69.0,2020-05-30 20:00:00
32.8,57.46,23.3,0.0,1007.0,11.2,7.2,55.4,2020-05-30 21:00:00
32.7,54.38,22.3,0.0,1007.0,10.8,9.0,43.9,2020-05-30 22:00:00
32.0,57.62,22.6,0.0,1008.0,13.0,9.4,36.0,2020-05-30 23:00:00
31.5,62.6,23.5,0.0,1007.0,15.8,7.9,8.4,2020-05-31 00:00:00
30.9,67.96,24.3,0.0,1007.0,17.6,6.5,3.8,2020-05-31 01:00:00
29.6,75.0,24.7,0.0,1007.0,15.1,4.7,12.3,2020-05-31 02:00:00
29.2,77.68,24.9,0.0,1007.0,11.5,4.0,39.0,2020-05-31 03:00:00
28.6,81.88,25.2,0.0,1007.0,9.7,3.6,47.3,2020-05-31 04:00:00
28.6,82.37,25.3,0.0,1007.0,9.7,3.2,33.0,2020-05-31 05:00:00
29.2,80.5,25.5,0.0,1008.0,10.4,3.6,11.6,2020-05-31 06:00:00
29.9,74.16,24.8,0.0,1009.0,10.8,4.7,18.6,2020-05-31 07:00:00
31.4,68.47,24.9,0.0,1005.1,15.8,0.0,30.7,2020-05-31 08:00:00
31.8,65.35,24.5,0.0,1010.0,23.0,8.3,47.2,2020-05-31 09:00:00
32.0,65.78,24.8,0.0,1010.0,23.8,7.6,26.9,2020-05-31 10:00:00
34.5,57.17,24.8,0.0,1010.0,23.8,5.4,13.0,2020-05-31 11:00:00
36.3,50.53,24.4,0.0,1009.0,22.3,4.3,22.2,2020-05-31 12:00:00
36.4,50.25,24.4,0.0,1008.0,18.4,4.3,19.3,2020-05-31 13:00:00
36.9,46.88,23.7,0.0,1007.0,18.4,3.6,29.5,2020-05-31 14:00:00
36.9,43.87,22.6,0.0,1006.0,18.4,4.3,49.0,2020-05-31 15:00:00
34.8,53.27,23.9,0.0,1004.0,17.6,5.8,64.3,2020-05-31 16:00:00
29.6,81.51,26.1,0.0,1002.4,19.1,3.6,100.0,2020-05-31 17:00:00
35.3,47.9,22.6,0.2,1005.0,23.0,13.3,86.1,2020-05-31 18:00:00
34.7,48.92,22.4,0.0,1006.0,23.4,6.1,95.4,2020-05-31 19:00:00
33.3,53.22,22.5,0.0,1008.0,18.0,2.2,97.6,2020-05-31 20:00:00
31.6,61.87,23.4,0.0,1008.0,17.6,6.1,96.7,2020-05-31 21:00:00
31.8,63.8,24.1,0.0,1009.0,15.5,6.1,98.7,2020-05-31 22:00:00
30.3,68.67,23.9,0.2,1009.0,16.9,7.2,99.2,2020-05-31 23:00:00
29.8,71.1,24.0,0.3,1009.0,13.0,6.1,98.7,2020-06-01 00:00:00
29.3,73.18,24.0,0.2,1009.0,14.8,3.6,98.8,2020-06-01 01:00:00
28.5,78.51,24.4,0.0,1009.0,8.3,2.2,97.3,2020-06-01 02:00:00
28.2,78.47,24.1,0.0,1008.0,6.1,1.4,99.8,2020-06-01 03:00:00
27.7,85.77,25.1,0.0,1008.0,6.8,0.4,99.8,2020-06-01 04:00:00
27.5,85.24,24.8,0.2,1009.0,7.6,2.9,98.9,2020-06-01 05:00:00
28.4,80.88,24.8,0.0,1009.0,9.4,4.3,99.5,2020-06-01 06:00:00
28.3,79.43,24.4,0.2,1010.0,13.7,6.1,98.9,2020-06-01 07:00:00
28.4,78.03,24.2,0.0,1005.5,21.6,1.8,100.0,2020-06-01 08:00:00
29.1,76.74,24.6,0.0,1011.0,24.1,9.4,98.9,2020-06-01 09:00:00
29.8,74.59,24.8,0.0,1011.0,25.2,6.8,97.7,2020-06-01 10:00:00
32.4,61.3,24.0,0.0,1010.0,24.5,4.0,91.2,2020-06-01 11:00:00
32.9,59.24,23.9,0.0,1010.0,21.2,3.2,81.9,2020-06-01 12:00:00
33.1,57.88,23.7,0.0,1009.0,16.9,2.2,83.3,2020-06-01 13:00:00
33.9,54.68,23.5,0.0,1008.0,15.5,1.4,83.4,2020-06-01 14:00:00
34.3,51.88,23.0,0.0,1007.0,13.7,1.4,60.0,2020-06-01 15:00:00
34.5,53.84,23.8,0.0,1005.0,17.3,7.2,46.5,2020-06-01 16:00:00
36.1,38.12,19.6,0.0,1000.6,25.2,1.8,80.0,2020-06-01 17:00:00
33.1,58.93,24.0,0.2,1006.0,28.1,11.5,87.3,2020-06-01 18:00:00
33.3,55.87,23.3,0.0,1007.0,24.5,11.5,86.6,2020-06-01 19:00:00
31.9,64.21,24.3,0.1,1008.0,20.9,10.8,96.4,2020-06-01 20:00:00
29.9,73.72,24.7,2.8,1009.0,16.9,5.0,97.4,2020-06-01 21:00:00
27.5,85.75,24.9,6.7,1010.0,15.1,6.5,100.0,2020-06-01 22:00:00
26.4,88.26,24.3,4.1,1011.0,16.2,5.4,100.0,2020-06-01 23:00:00
26.2,87.71,24.0,2.3,1011.0,15.8,5.8,100.0,2020-06-02 00:00:00
26.8,86.2,24.3,1.6,1011.0,14.4,5.4,100.0,2020-06-02 01:00:00
26.0,88.75,24.0,0.4,1010.0,13.7,6.1,100.0,2020-06-02 02:00:00
26.2,88.77,24.2,0.3,1009.0,15.5,5.8,100.0,2020-06-02 03:00:00
25.5,92.53,24.2,0.2,1009.0,15.1,6.1,99.3,2020-06-02 04:00:00
25.7,91.99,24.3,0.0,1008.0,14.4,5.0,99.8,2020-06-02 05:00:00
26.6,88.27,24.5,0.0,1008.0,13.3,5.0,100.0,2020-06-02 06:00:00
26.5,88.26,24.4,0.0,1009.0,14.8,5.0,98.2,2020-06-02 07:00:00
25.1,91.41,23.7,0.0,1006.0,16.6,0.0,99.5,2020-06-02 08:00:00
27.3,82.71,24.1,0.0,1010.0,20.9,7.6,92.6,2020-06-02 09:00:00
27.8,80.8,24.2,0.0,1010.0,24.1,7.9,90.1,2020-06-02 10:00:00
30.3,69.92,24.2,0.0,1010.0,26.3,9.0,47.4,2020-06-02 11:00:00
31.9,61.56,23.6,0.0,1009.0,27.4,9.7,47.0,2020-06-02 12:00:00
32.1,60.87,23.6,0.0,1008.0,29.9,10.1,51.3,2020-06-02 13:00:00
34.9,52.98,23.9,0.0,1007.0,29.5,9.4,59.4,2020-06-02 14:00:00
35.8,48.32,23.2,0.0,1006.0,27.4,7.2,65.7,2020-06-02 15:00:00
35.0,52.37,23.8,0.0,1004.0,22.7,4.7,29.1,2020-06-02 16:00:00
30.1,64.61,22.7,0.2,1000.2,19.8,1.8,50.0,2020-06-02 17:00:00
32.4,71.56,26.6,4.9,1006.0,27.7,13.3,91.9,2020-06-02 18:00:00
31.0,78.4,26.8,6.2,1007.0,32.0,6.8,93.5,2020-06-02 19:00:00
29.2,82.44,25.9,2.5,1007.0,27.0,2.2,80.1,2020-06-02 20:00:00
28.5,84.84,25.7,0.7,1008.0,16.9,3.2,66.7,2020-06-02 21:00:00
28.7,84.86,25.9,0.0,1008.0,11.5,2.2,63.0,2020-06-02 22:00:00
27.8,86.81,25.4,0.0,1008.0,7.9,0.7,80.5,2020-06-02 23:00:00
27.9,85.28,25.2,0.0,1008.0,13.0,2.5,92.3,2020-06-03 00:00:00
28.0,82.79,24.8,0.0,1008.0,10.1,2.9,94.8,2020-06-03 01:00:00
27.4,85.74,24.8,0.2,1008.0,15.8,4.7,97.8,2020-06-03 02:00:00
27.3,86.25,24.8,0.3,1007.0,16.6,4.3,95.5,2020-06-03 03:00:00
26.6,84.13,23.7,0.0,1007.0,16.2,2.9,96.8,2020-06-03 04:00:00
26.8,79.71,23.0,0.0,1007.0,19.8,3.2,96.5,2020-06-03 05:00:00
27.7,73.35,22.5,0.0,1007.0,20.2,4.7,95.2,2020-06-03 06:00:00
27.6,72.89,22.3,0.0,1008.0,19.4,6.1,100.0,2020-06-03 07:00:00
28.2,77.53,23.9,0.0,1003.7,22.0,0.0,99.8,2020-06-03 08:00:00
28.8,69.64,22.7,0.0,1009.0,28.8,10.4,96.4,2020-06-03 09:00:00
29.2,70.56,23.3,0.0,1009.0,32.8,11.9,93.6,2020-06-03 10:00:00
31.6,57.88,22.3,0.0,1009.0,39.2,12.6,91.3,2020-06-03 11:00:00
32.7,53.4,22.0,0.0,1008.0,40.3,12.2,95.1,2020-06-03 12:00:00
33.0,53.15,22.2,0.0,1007.0,38.5,13.3,87.3,2020-06-03 13:00:00
34.3,50.63,22.6,0.0,1006.0,35.6,13.0,96.8,2020-06-03 14:00:00
34.5,50.07,22.6,0.0,1005.0,33.1,12.2,88.9,2020-06-03 15:00:00
34.8,53.59,24.0,0.0,1004.0,31.7,13.3,62.8,2020-06-03 16:00:00
35.1,46.41,21.9,0.0,1000.0,29.5,1.8,50.0,2020-06-03 17:00:00
33.6,55.27,23.4,0.3,1004.0,28.1,11.2,85.0,2020-06-03 18:00:00
30.9,67.15,24.1,1.6,1005.0,29.2,9.7,79.9,2020-06-03 19:00:00
29.4,75.42,24.6,0.0,1006.0,23.8,7.2,78.7,2020-06-03 20:00:00
28.2,78.47,24.1,0.0,1006.0,18.4,4.3,90.2,2020-06-03 21:00:00
28.5,77.58,24.2,0.0,1007.0,16.6,4.7,97.3,2020-06-03 22:00:00
28.0,79.87,24.2,0.0,1008.0,16.2,6.1,99.8,2020-06-03 23:00:00
28.4,77.1,24.0,0.0,1008.0,17.3,7.2,99.5,2020-06-04 00:00:00
28.6,74.84,23.7,0.0,1007.0,19.1,7.2,95.6,2020-06-04 01:00:00
28.1,73.42,22.9,0.0,1007.0,20.2,8.6,95.4,2020-06-04 02:00:00
28.1,71.66,22.5,0.0,1007.0,24.1,10.8,97.2,2020-06-04 03:00:00
28.2,64.6,20.9,0.0,1007.0,26.3,9.4,98.8,2020-06-04 04:00:00
27.8,66.13,20.9,0.0,1007.0,26.3,9.4,98.3,2020-06-04 05:00:00
28.8,65.93,21.8,0.0,1007.0,25.6,10.1,100.0,2020-06-04 06:00:00
28.5,69.16,22.3,0.0,1008.0,24.5,10.4,99.8,2020-06-04 07:00:00
29.2,70.99,23.4,0.0,1004.0,27.4,0.0,100.0,2020-06-04 08:00:00
29.7,68.14,23.2,0.0,1009.0,37.8,16.9,99.7,2020-06-04 09:00:00
29.8,69.83,23.7,0.0,1009.0,44.6,20.2,97.5,2020-06-04 10:00:00
32.0,59.39,23.1,0.0,1008.0,46.4,21.6,100.0,2020-06-04 11:00:00
33.1,52.53,22.1,0.0,1008.0,45.4,21.6,99.3,2020-06-04 12:00:00
33.6,51.7,22.3,0.0,1007.0,46.8,21.2,99.2,2020-06-04 13:00:00
35.3,47.03,22.3,0.0,1006.0,46.4,18.7,98.3,2020-06-04 14:00:00
35.7,45.45,22.1,0.0,1005.0,44.3,17.6,99.2,2020-06-04 15:00:00
33.4,56.57,23.6,0.0,1004.0,41.4,15.5,99.0,2020-06-04 16:00:00
37.0,37.45,20.2,0.0,999.6,38.5,1.8,30.0,2020-06-04 17:00:00
34.4,53.82,23.7,0.0,1004.0,32.8,12.6,100.0,2020-06-04 18:00:00
33.9,53.37,23.1,0.0,1005.0,26.3,9.0,100.0,2020-06-04 19:00:00
32.0,60.11,23.3,0.0,1006.0,20.9,8.3,100.0,2020-06-04 20:00:00
31.3,62.93,23.4,0.0,1007.0,19.1,6.5,100.0,2020-06-04 21:00:00
30.9,64.38,23.4,0.0,1007.0,16.6,6.5,99.5,2020-06-04 22:00:00
29.8,66.94,23.0,0.0,1008.0,15.1,6.1,98.8,2020-06-04 23:00:00
29.5,68.52,23.1,0.0,1008.0,14.8,6.1,97.1,2020-06-05 00:00:00
29.6,68.54,23.2,0.0,1008.0,19.4,7.6,92.6,2020-06-05 01:00:00
29.0,69.68,22.9,0.0,1007.0,24.8,10.4,93.3,2020-06-05 02:00:00
28.9,68.4,22.5,0.0,1007.0,27.7,12.2,85.6,2020-06-05 03:00:00
28.0,67.81,21.5,0.0,1006.0,29.2,13.0,65.2,2020-06-05 04:00:00
27.7,69.01,21.5,0.0,1007.0,29.9,14.4,79.6,2020-06-05 05:00:00
28.6,69.18,22.4,0.0,1007.0,30.2,14.4,86.1,2020-06-05 06:00:00
28.5,71.73,22.9,0.0,1008.0,29.5,14.8,78.0,2020-06-05 07:00:00
30.1,64.61,22.7,0.0,1005.5,33.5,0.0,81.7,2020-06-05 08:00:00
29.5,70.19,23.5,0.0,1009.0,38.5,18.0,74.3,2020-06-05 09:00:00
29.6,70.63,23.7,0.0,1009.0,38.9,16.9,63.3,2020-06-05 10:00:00
32.3,58.39,23.1,0.0,1009.0,36.7,16.2,80.4,2020-06-05 11:00:00
34.0,50.87,22.4,0.0,1008.0,35.3,14.8,83.0,2020-06-05 12:00:00
34.3,51.25,22.8,0.0,1007.0,38.5,13.7,84.6,2020-06-05 13:00:00
35.7,46.85,22.6,0.0,1006.0,35.3,13.7,77.5,2020-06-05 14:00:00
36.1,45.56,22.5,0.0,1005.0,34.2,13.7,82.7,2020-06-05 15:00:00
35.3,53.08,24.3,0.0,1004.0,33.1,13.3,87.3,2020-06-05 16:00:00
37.7,37.85,20.9,0.0,999.7,30.6,3.6,30.0,2020-06-05 17:00:00
33.3,57.23,23.7,0.4,1004.0,27.7,9.7,95.1,2020-06-05 18:00:00
33.6,52.97,22.7,0.0,1004.0,23.8,5.8,99.8,2020-06-05 19:00:00
31.7,61.89,23.5,0.0,1005.0,14.8,6.8,99.9,2020-06-05 20:00:00
30.7,66.71,23.8,0.0,1006.0,11.2,6.5,98.6,2020-06-05 21:00:00
31.1,62.89,23.2,0.0,1006.0,12.6,6.8,84.6,2020-06-05 22:00:00
30.3,65.04,23.0,0.0,1007.0,19.1,6.1,80.8,2020-06-05 23:00:00
30.2,65.02,22.9,0.0,1007.0,22.0,6.5,98.2,2020-06-06 00:00:00
29.8,66.94,23.0,0.0,1007.0,19.4,8.3,97.3,2020-06-06 01:00:00
29.0,70.95,23.2,0.0,1006.0,24.1,10.4,99.5,2020-06-06 02:00:00
29.2,70.14,23.2,0.0,1006.0,28.4,13.3,70.7,2020-06-06 03:00:00
28.3,70.4,22.4,0.0,1006.0,32.0,13.7,64.5,2020-06-06 04:00:00
27.9,72.06,22.4,0.0,1006.0,34.2,14.8,49.2,2020-06-06 05:00:00
28.7,70.04,22.7,0.0,1006.0,34.6,14.0,56.0,2020-06-06 06:00:00
28.5,72.16,23.0,0.0,1007.0,33.1,13.7,58.9,2020-06-06 07:00:00
29.4,71.45,23.7,0.0,1003.6,37.8,0.0,40.4,2020-06-06 08:00:00
29.9,66.96,23.1,0.0,1008.0,41.8,17.6,33.1,2020-06-06 09:00:00
30.1,66.59,23.2,0.0,1008.0,42.1,16.9,24.4,2020-06-06 10:00:00
32.6,55.7,22.6,0.0,1008.0,41.4,15.8,40.9,2020-06-06 11:00:00
34.6,47.14,21.7,0.0,1007.0,38.9,14.8,44.6,2020-06-06 12:00:00
34.7,46.03,21.4,0.0,1006.0,35.3,13.7,39.9,2020-06-06 13:00:00
36.7,40.22,21.0,0.0,1005.0,34.2,13.3,29.5,2020-06-06 14:00:00
37.1,39.35,21.0,0.0,1004.0,32.0,13.3,52.0,2020-06-06 15:00:00
36.3,42.13,21.4,0.0,1003.0,31.0,12.6,59.8,2020-06-06 16:00:00
39.1,36.85,21.7,0.0,999.3,29.2,3.6,30.0,2020-06-06 17:00:00
36.8,38.07,20.2,0.0,1002.0,27.0,10.1,80.7,2020-06-06 18:00:00
35.8,38.28,19.4,0.0,1003.0,20.9,6.8,98.7,2020-06-06 19:00:00
32.9,52.48,21.9,0.0,1005.0,14.4,8.3,98.9,2020-06-06 20:00:00
31.3,58.16,22.1,0.0,1006.0,13.0,7.9,99.9,2020-06-06 21:00:00
31.1,58.83,22.1,0.0,1006.0,13.0,6.8,100.0,2020-06-06 22:00:00
29.7,62.58,21.8,0.0,1007.0,13.3,6.8,100.0,2020-06-06 23:00:00
29.8,61.85,21.7,0.0,1007.0,14.0,6.8,100.0,2020-06-07 00:00:00
30.7,56.27,21.0,0.0,1006.0,17.3,7.6,100.0,2020-06-07 01:00:00
30.0,57.15,20.6,0.0,1006.0,25.9,12.2,100.0,2020-06-07 02:00:00
29.5,60.65,21.1,0.0,1005.0,32.4,15.1,100.0,2020-06-07 03:00:00
28.8,62.77,21.0,0.0,1005.0,34.2,13.3,47.5,2020-06-07 04:00:00
28.5,66.27,21.6,0.0,1005.0,35.6,14.4,87.3,2020-06-07 05:00:00
29.3,66.03,22.3,0.0,1006.0,36.7,15.1,11.6,2020-06-07 06:00:00
29.0,68.42,22.6,0.0,1007.0,38.2,16.2,82.2,2020-06-07 07:00:00
31.1,59.19,22.2,0.0,1005.3,42.8,3.6,98.6,2020-06-07 08:00:00
30.0,64.98,22.7,0.0,1008.0,46.1,20.5,100.0,2020-06-07 09:00:00
30.1,65.0,22.8,0.0,1008.0,46.4,19.4,100.0,2020-06-07 10:00:00
32.2,57.32,22.7,0.0,1007.0,46.1,19.4,99.8,2020-06-07 11:00:00
34.0,48.44,21.6,0.0,1006.0,45.0,19.4,100.0,2020-06-07 12:00:00
34.2,48.5,21.8,0.0,1006.0,45.7,18.0,100.0,2020-06-07 13:00:00
35.9,41.77,20.9,0.0,1005.0,43.2,16.9,100.0,2020-06-07 14:00:00
36.4,39.16,20.3,0.0,1004.0,40.7,15.8,100.0,2020-06-07 15:00:00
35.4,44.82,21.6,0.0,1003.0,38.5,16.6,100.0,2020-06-07 16:00:00
38.6,34.31,20.1,0.1,999.3,36.4,1.8,30.0,2020-06-07 17:00:00
36.0,40.53,20.5,0.0,1002.0,32.8,12.2,100.0,2020-06-07 18:00:00
35.7,41.2,20.5,0.0,1003.0,25.2,8.3,99.3,2020-06-07 19:00:00
33.3,48.26,20.9,0.0,1004.0,19.1,7.2,85.3,2020-06-07 20:00:00
32.4,51.08,21.0,0.0,1005.0,18.4,8.3,84.9,2020-06-07 21:00:00
32.6,50.2,20.9,0.0,1005.0,21.2,7.2,97.1,2020-06-07 22:00:00
31.2,57.43,21.8,0.0,1006.0,26.3,7.6,97.2,2020-06-07 23:00:00
31.0,58.09,21.8,0.0,1006.0,28.4,10.8,99.8,2020-06-08 00:00:00
31.0,58.8,22.0,0.0,1006.0,28.8,13.0,97.1,2020-06-08 01:00:00
30.5,60.88,22.1,0.0,1005.0,31.0,13.7,99.2,2020-06-08 02:00:00
30.4,60.85,22.0,0.0,1005.0,32.0,14.8,100.0,2020-06-08 03:00:00
29.3,60.61,20.9,0.0,1005.0,33.8,16.2,98.1,2020-06-08 04:00:00
29.1,62.84,21.3,0.0,1005.0,35.6,18.4,97.4,2020-06-08 05:00:00
29.3,64.44,21.9,0.0,1006.0,37.8,19.8,93.6,2020-06-08 06:00:00
29.2,66.41,22.3,0.0,1007.0,40.0,19.1,94.2,2020-06-08 07:00:00
29.4,66.05,22.4,0.0,1004.6,43.6,0.0,94.6,2020-06-08 08:00:00
29.2,66.41,22.3,0.0,1008.0,47.2,22.3,95.5,2020-06-08 09:00:00
29.5,64.87,22.2,0.0,1008.0,47.9,20.9,98.2,2020-06-08 10:00:00
31.6,55.46,21.6,0.0,1008.0,47.5,19.8,99.2,2020-06-08 11:00:00
33.4,47.7,20.8,0.0,1007.0,46.1,18.4,100.0,2020-06-08 12:00:00
34.0,46.69,21.0,0.0,1006.0,44.6,17.3,99.9,2020-06-08 13:00:00
35.8,39.48,19.9,0.0,1005.0,40.3,16.9,99.8,2020-06-08 14:00:00
36.3,37.94,19.7,0.0,1004.0,40.0,16.2,100.0,2020-06-08 15:00:00
35.9,41.0,20.6,0.0,1003.0,37.8,15.1,100.0,2020-06-08 16:00:00
37.2,38.42,20.7,0.0,998.6,33.1,5.4,50.0,2020-06-08 17:00:00
36.0,39.29,20.0,0.0,1003.0,29.5,11.9,99.2,2020-06-08 18:00:00
36.0,36.92,19.0,0.0,1003.0,23.4,9.0,99.8,2020-06-08 19:00:00
34.0,42.3,19.4,0.0,1004.0,19.4,7.2,97.1,2020-06-08 20:00:00
32.9,45.83,19.7,0.0,1005.0,20.2,7.2,97.7,2020-06-08 21:00:00
32.9,45.55,19.6,0.0,1005.0,22.0,7.2,99.6,2020-06-08 22:00:00
31.5,50.85,20.1,0.0,1006.0,22.3,7.6,97.8,2020-06-08 23:00:00
31.4,51.78,20.3,0.0,1006.0,22.0,7.2,100.0,2020-06-09 00:00:00
31.5,51.49,20.3,0.0,1005.0,21.6,8.6,100.0,2020-06-09 01:00:00
30.7,54.9,20.6,0.0,1005.0,27.4,11.5,100.0,2020-06-09 02:00:00
30.4,55.85,20.6,0.0,1005.0,33.1,15.5,100.0,2020-06-09 03:00:00
29.9,56.07,20.2,0.0,1004.0,37.4,16.2,99.8,2020-06-09 04:00:00
29.4,59.15,20.6,0.0,1004.0,40.3,18.0,100.0,2020-06-09 05:00:00
29.7,60.7,21.3,0.0,1005.0,41.0,18.7,95.2,2020-06-09 06:00:00
29.4,62.9,21.6,0.0,1005.0,41.4,18.0,93.9,2020-06-09 07:00:00
31.1,57.06,21.6,0.0,1003.0,45.4,3.6,30.0,2020-06-09 08:00:00
29.7,65.31,22.5,0.0,1007.0,48.6,21.6,94.2,2020-06-09 09:00:00
29.8,64.94,22.5,0.0,1007.0,49.0,21.2,86.8,2020-06-09 10:00:00
32.0,57.27,22.5,0.0,1007.0,47.9,20.5,77.8,2020-06-09 11:00:00
34.0,48.44,21.6,0.0,1006.0,45.7,19.4,90.8,2020-06-09 12:00:00
34.1,47.88,21.5,0.0,1005.0,44.3,18.0,99.7,2020-06-09 13:00:00
36.3,40.36,20.7,0.0,1004.0,41.8,16.2,99.8,2020-06-09 14:00:00
36.7,39.97,20.9,0.0,1003.0,38.5,15.1,87.4,2020-06-09 15:00:00
36.9,40.27,21.2,0.0,1002.0,35.6,14.4,45.9,2020-06-09 16:00:00
37.6,39.24,21.4,0.0,997.5,34.2,5.4,50.0,2020-06-09 17:00:00
36.3,36.78,19.2,0.0,1001.0,34.2,12.6,99.8,2020-06-09 18:00:00
36.5,35.48,18.8,0.0,1002.0,32.0,6.8,100.0,2020-06-09 19:00:00
34.1,47.88,21.5,0.0,1003.0,16.2,7.6,100.0,2020-06-09 20:00:00
31.9,51.91,20.8,0.0,1005.0,14.8,6.8,100.0,2020-06-09 21:00:00
32.7,48.11,20.3,0.0,1005.0,20.5,7.9,99.3,2020-06-09 22:00:00
30.5,58.33,21.4,0.0,1005.0,28.4,9.7,100.0,2020-06-09 23:00:00
29.8,61.09,21.5,0.0,1005.0,35.3,12.2,100.0,2020-06-10 00:00:00
29.3,65.23,22.1,0.0,1005.0,28.4,12.2,100.0,2020-06-10 01:00:00
28.3,69.54,22.2,0.0,1004.0,24.5,11.5,98.5,2020-06-10 02:00:00
27.8,70.73,22.0,0.3,1004.0,18.0,10.4,99.0,2020-06-10 03:00:00
28.5,63.87,21.0,0.0,1004.0,16.9,5.0,100.0,2020-06-10 04:00:00
28.8,63.16,21.1,0.0,1004.0,21.6,7.2,100.0,2020-06-10 05:00:00
29.1,64.79,21.8,0.0,1004.0,22.3,11.5,100.0,2020-06-10 06:00:00
28.9,67.16,22.2,0.1,1005.0,24.8,13.7,100.0,2020-06-10 07:00:00
30.1,58.59,21.1,0.1,1001.5,27.7,3.6,100.0,2020-06-10 08:00:00
28.2,73.88,23.1,0.1,1006.0,33.1,16.9,100.0,2020-06-10 09:00:00
28.0,74.29,23.0,0.1,1006.0,38.5,19.1,100.0,2020-06-10 10:00:00
29.8,62.22,21.8,0.1,1006.0,41.8,18.4,100.0,2020-06-10 11:00:00
31.7,59.32,22.8,0.2,1005.0,41.8,16.6,100.0,2020-06-10 12:00:00
32.0,59.03,23.0,0.0,1005.0,34.9,13.7,100.0,2020-06-10 13:00:00
32.9,55.1,22.7,0.2,1004.0,29.9,9.7,100.0,2020-06-10 14:00:00
32.2,59.44,23.3,0.3,1004.0,25.2,7.9,100.0,2020-06-10 15:00:00
29.4,75.42,24.6,0.2,1002.0,23.0,7.9,100.0,2020-06-10 16:00:00
34.6,48.6,22.2,0.1,996.8,19.8,5.4,30.0,2020-06-10 17:00:00
30.1,68.63,23.7,0.0,1001.0,17.3,7.2,100.0,2020-06-10 18:00:00
29.9,66.15,22.9,0.0,1002.0,11.9,5.8,100.0,2020-06-10 19:00:00
28.1,75.67,23.4,0.2,1003.0,16.2,7.6,100.0,2020-06-10 20:00:00
26.1,88.23,24.0,1.9,1004.0,20.5,11.2,100.0,2020-06-10 21:00:00
26.4,90.39,24.7,3.0,1004.0,29.5,13.7,100.0,2020-06-10 22:00:00
26.1,89.83,24.3,2.6,1005.0,37.1,14.4,100.0,2020-06-10 23:00:00
26.3,88.25,24.2,1.2,1005.0,41.4,14.4,100.0,2020-06-11 00:00:00
26.4,88.26,24.3,2.2,1005.0,34.6,15.1,100.0,2020-06-11 01:00:00
25.2,89.77,23.4,2.8,1003.0,39.2,18.4,100.0,2020-06-11 02:00:00
25.4,89.24,23.5,2.5,1003.0,42.8,19.8,100.0,2020-06-11 03:00:00
24.2,93.02,23.0,2.4,1003.0,43.2,13.0,100.0,2020-06-11 04:00:00
24.5,93.04,23.3,1.9,1003.0,43.6,13.3,100.0,2020-06-11 05:00:00
25.2,91.96,23.8,1.3,1004.0,46.8,13.0,100.0,2020-06-11 06:00:00
25.2,91.96,23.8,1.3,1004.0,48.2,14.8,100.0,2020-06-11 07:00:00
25.4,95.34,24.6,1.2,1001.0,49.3,5.4,100.0,2020-06-11 08:00:00
25.0,93.06,23.8,1.0,1004.0,49.3,17.6,100.0,2020-06-11 09:00:00
24.6,94.74,23.7,0.6,1004.0,49.0,18.0,100.0,2020-06-11 10:00:00
25.8,90.35,24.1,0.5,1004.0,47.5,18.0,100.0,2020-06-11 11:00:00
26.3,88.25,24.2,0.6,1004.0,47.5,17.3,100.0,2020-06-11 12:00:00
26.1,89.83,24.3,0.2,1004.0,45.4,20.2,100.0,2020-06-11 13:00:00
26.9,85.69,24.3,0.2,1003.0,46.8,22.0,100.0,2020-06-11 14:00:00
26.9,88.3,24.8,0.2,1002.0,48.6,20.9,100.0,2020-06-11 15:00:00
28.1,73.86,23.0,0.6,1001.0,48.2,16.9,100.0,2020-06-11 16:00:00
24.7,91.38,23.2,0.5,998.2,38.2,5.4,100.0,2020-06-11 17:00:00
28.1,76.59,23.6,0.3,1001.0,36.0,13.7,100.0,2020-06-11 18:00:00
28.0,73.85,22.9,0.1,1001.0,36.7,13.3,100.0,2020-06-11 19:00:00
27.1,79.27,23.2,0.0,1002.0,37.4,13.0,100.0,2020-06-11 20:00:00
26.1,83.07,23.0,0.0,1003.0,39.2,13.7,100.0,2020-06-11 21:00:00
26.3,82.59,23.1,0.0,1004.0,42.1,15.5,100.0,2020-06-11 22:00:00
25.8,84.56,23.0,0.0,1004.0,42.8,18.7,100.0,2020-06-11 23:00:00
25.7,84.55,22.9,0.0,1003.0,43.2,20.9,98.6,2020-06-12 00:00:00
25.7,84.03,22.8,0.1,1002.0,49.0,22.0,100.0,2020-06-12 01:00:00
25.4,81.98,22.1,0.1,1002.0,50.8,22.7,100.0,2020-06-12 02:00:00
25.3,82.47,22.1,0.2,1001.0,50.8,23.0,100.0,2020-06-12 03:00:00
25.2,82.96,22.1,0.7,1001.0,49.3,22.0,100.0,2020-06-12 04:00:00
25.1,84.48,22.3,1.0,1001.0,48.6,22.0,100.0,2020-06-12 05:00:00
25.2,84.49,22.4,0.7,1002.0,48.6,20.5,100.0,2020-06-12 06:00:00
25.1,85.0,22.4,0.7,1003.0,45.7,19.4,100.0,2020-06-12 07:00:00
25.1,89.22,23.2,1.0,1000.4,46.1,5.4,100.0,2020-06-12 08:00:00
24.4,89.17,22.5,1.8,1004.0,47.5,20.2,100.0,2020-06-12 09:00:00
24.2,90.24,22.5,1.1,1004.0,48.2,19.4,100.0,2020-06-12 10:00:00
25.3,84.5,22.5,0.2,1004.0,47.9,19.1,100.0,2020-06-12 11:00:00
26.8,77.32,22.5,0.1,1004.0,59.4,18.7,100.0,2020-06-12 12:00:00
26.3,80.61,22.7,1.0,1003.0,42.8,18.0,100.0,2020-06-12 13:00:00
28.7,71.33,23.0,0.3,1002.0,40.7,15.5,100.0,2020-06-12 14:00:00
29.7,68.97,23.4,0.2,1002.0,36.0,15.1,100.0,2020-06-12 15:00:00
28.3,79.43,24.4,0.2,1001.0,33.5,13.3,100.0,2020-06-12 16:00:00
30.1,64.61,22.7,0.1,997.8,32.4,1.8,80.0,2020-06-12 17:00:00
28.9,77.17,24.5,0.0,1001.0,31.7,13.7,100.0,2020-06-12 18:00:00
29.1,70.97,23.3,0.0,1001.0,34.6,14.0,100.0,2020-06-12 19:00:00
28.3,71.69,22.7,0.0,1002.0,33.5,13.7,100.0,2020-06-12 20:00:00
28.1,69.93,22.1,0.0,1002.0,33.5,15.1,100.0,2020-06-12 21:00:00
28.5,66.27,21.6,0.0,1003.0,33.8,16.2,100.0,2020-06-12 22:00:00
28.1,64.18,20.7,0.0,1003.0,37.1,16.9,100.0,2020-06-12 23:00:00
27.9,63.75,20.4,0.0,1003.0,40.3,18.0,100.0,2020-06-13 00:00:00
27.7,65.7,20.7,0.0,1003.0,40.7,18.0,100.0,2020-06-13 01:00:00
26.8,69.26,20.7,0.0,1003.0,40.7,17.3,100.0,2020-06-13 02:00:00
26.5,71.81,21.0,0.0,1002.0,38.9,16.6,100.0,2020-06-13 03:00:00
25.7,74.83,20.9,0.0,1002.0,37.1,15.1,100.0,2020-06-13 04:00:00
25.4,76.64,21.0,0.0,1002.0,36.0,14.4,100.0,2020-06-13 05:00:00
25.8,76.24,21.3,0.0,1003.0,32.8,12.2,100.0,2020-06-13 06:00:00
26.1,76.75,21.7,0.0,1003.0,29.5,12.6,100.0,2020-06-13 07:00:00
25.7,82.02,22.4,0.0,1000.4,31.3,1.8,50.0,2020-06-13 08:00:00
27.1,72.8,21.8,0.0,1004.0,38.9,20.9,100.0,2020-06-13 09:00:00
27.4,71.53,21.8,0.0,1004.0,49.0,25.6,100.0,2020-06-13 10:00:00
29.9,60.37,21.4,0.0,1004.0,54.7,22.7,99.9,2020-06-13 11:00:00
31.5,55.09,21.4,0.0,1004.0,54.4,24.1,100.0,2020-06-13 12:00:00
31.7,54.14,21.3,0.0,1003.0,50.8,22.3,98.6,2020-06-13 13:00:00
33.0,50.0,21.2,0.0,1002.0,50.0,20.5,91.1,2020-06-13 14:00:00
33.9,48.12,21.4,0.0,1001.0,46.1,18.4,88.3,2020-06-13 15:00:00
34.0,50.87,22.4,0.0,1000.0,48.6,19.1,99.3,2020-06-13 16:00:00
32.1,65.8,24.9,0.0,999.8,43.2,3.6,100.0,2020-06-13 17:00:00
34.4,46.8,21.4,0.0,1000.0,42.1,13.3,100.0,2020-06-13 18:00:00
34.2,44.5,20.4,0.0,1001.0,38.2,12.2,100.0,2020-06-13 19:00:00
32.3,51.69,21.1,0.0,1002.0,38.9,14.4,83.2,2020-06-13 20:00:00
31.0,55.65,21.1,0.0,1003.0,36.4,16.9,99.4,2020-06-13 21:00:00
30.9,56.31,21.2,0.0,1003.0,37.1,16.2,100.0,2020-06-13 22:00:00
29.4,65.65,22.3,0.0,1004.0,37.4,14.8,99.1,2020-06-13 23:00:00
28.9,67.99,22.4,0.0,1004.0,36.7,14.8,96.2,2020-06-14 00:00:00
28.5,70.01,22.5,0.0,1004.0,34.2,15.5,95.0,2020-06-14 01:00:00
27.4,74.65,22.5,0.0,1004.0,37.4,16.9,96.7,2020-06-14 02:00:00
27.2,75.99,22.6,0.0,1003.0,37.4,15.8,96.7,2020-06-14 03:00:00
26.6,77.29,22.3,0.0,1003.0,34.6,13.3,99.1,2020-06-14 04:00:00
26.8,77.32,22.5,0.0,1003.0,31.3,11.9,98.1,2020-06-14 05:00:00
27.5,76.5,23.0,0.0,1004.0,31.0,11.2,95.5,2020-06-14 06:00:00
27.6,76.51,23.1,0.0,1005.0,31.3,13.0,97.8,2020-06-14 07:00:00
27.4,81.24,23.9,0.0,1002.1,36.4,3.6,100.0,2020-06-14 08:00:00
28.7,70.04,22.7,0.0,1006.0,50.0,24.1,97.4,2020-06-14 09:00:00
28.7,70.04,22.7,0.0,1006.0,51.5,24.5,100.0,2020-06-14 10:00:00
30.6,63.93,23.0,0.0,1005.0,51.1,22.0,100.0,2020-06-14 11:00:00
31.8,58.28,22.6,0.0,1005.0,48.2,22.0,100.0,2020-06-14 12:00:00
31.6,59.3,22.7,0.0,1004.0,49.0,22.0,99.9,2020-06-14 13:00:00
33.5,53.6,22.8,0.0,1003.0,50.0,20.5,99.8,2020-06-14 14:00:00
34.0,52.75,23.0,0.0,1003.0,49.7,20.2,100.0,2020-06-14 15:00:00
34.4,50.97,22.8,0.0,1001.0,49.3,18.7,100.0,2020-06-14 16:00:00
30.6,76.06,25.9,0.0,997.4,40.3,3.6,80.0,2020-06-14 17:00:00
34.8,48.06,22.2,0.0,1001.0,37.1,12.2,100.0,2020-06-14 18:00:00
35.3,46.75,22.2,0.0,1002.0,28.4,7.9,100.0,2020-06-14 19:00:00
33.4,54.22,22.9,0.0,1003.0,22.3,7.6,100.0,2020-06-14 20:00:00
32.0,58.32,22.8,0.0,1004.0,26.6,10.1,100.0,2020-06-14 21:00:00
31.7,57.55,22.3,0.0,1005.0,31.3,10.8,100.0,2020-06-14 22:00:00
30.3,63.87,22.7,0.0,1005.0,32.4,12.2,100.0,2020-06-14 23:00:00
30.0,64.98,22.7,0.0,1005.0,32.4,15.5,99.0,2020-06-15 00:00:00
29.6,67.3,22.9,0.0,1005.0,37.1,16.9,99.0,2020-06-15 01:00:00
28.3,69.97,22.3,0.0,1004.0,38.9,17.6,100.0,2020-06-15 02:00:00
27.9,73.38,22.7,0.0,1004.0,38.9,17.6,100.0,2020-06-15 03:00:00
27.6,71.57,22.0,0.0,1004.0,38.5,16.6,99.8,2020-06-15 04:00:00
27.4,73.3,22.2,0.0,1004.0,39.6,18.0,97.0,2020-06-15 05:00:00
27.9,73.38,22.7,0.0,1004.0,40.7,18.4,97.8,2020-06-15 06:00:00
27.7,74.7,22.8,0.0,1005.0,41.0,18.4,97.6,2020-06-15 07:00:00
27.1,84.19,24.2,0.0,1001.3,41.0,3.6,50.0,2020-06-15 08:00:00
28.4,72.58,23.0,0.0,1006.0,51.1,23.4,99.8,2020-06-15 09:00:00
28.7,71.33,23.0,0.0,1005.0,54.7,25.2,100.0,2020-06-15 10:00:00
30.7,64.34,23.2,0.0,1005.0,53.6,24.1,100.0,2020-06-15 11:00:00
32.1,56.26,22.3,0.0,1005.0,49.3,23.8,100.0,2020-06-15 12:00:00
32.2,55.94,22.3,0.0,1004.0,51.1,22.7,100.0,2020-06-15 13:00:00
34.0,49.95,22.1,0.0,1003.0,49.7,22.3,100.0,2020-06-15 14:00:00
34.1,47.59,21.4,0.0,1002.0,47.9,22.7,100.0,2020-06-15 15:00:00
33.9,50.53,22.2,0.0,1001.0,47.2,18.7,100.0,2020-06-15 16:00:00
34.1,51.23,22.7,0.0,997.0,45.7,7.6,50.0,2020-06-15 17:00:00
34.3,48.52,21.9,0.0,1001.0,41.8,12.6,99.8,2020-06-15 18:00:00
34.3,47.64,21.6,0.0,1001.0,34.2,12.6,100.0,2020-06-15 19:00:00
32.8,53.1,22.0,0.0,1003.0,32.0,13.7,100.0,2020-06-15 20:00:00
31.8,57.22,22.3,0.0,1003.0,32.0,14.0,100.0,2020-06-15 21:00:00
31.6,57.18,22.1,0.0,1004.0,32.8,15.1,98.6,2020-06-15 22:00:00
30.3,63.48,22.6,0.0,1005.0,35.6,16.9,98.3,2020-06-15 23:00:00
29.9,64.56,22.5,0.0,1005.0,37.4,18.4,99.1,2020-06-16 00:00:00
29.5,66.07,22.5,0.0,1004.0,40.7,18.0,99.8,2020-06-16 01:00:00
28.3,69.97,22.3,0.0,1004.0,40.0,17.6,100.0,2020-06-16 02:00:00
27.9,72.5,22.5,0.0,1003.0,39.6,17.6,100.0,2020-06-16 03:00:00
27.4,74.2,22.4,0.0,1003.0,38.9,16.6,99.5,2020-06-16 04:00:00
27.3,75.54,22.6,0.0,1003.0,38.5,15.8,99.3,2020-06-16 05:00:00
27.9,74.28,22.9,0.0,1003.0,36.0,15.1,99.9,2020-06-16 06:00:00
27.8,74.71,22.9,0.0,1004.0,34.9,15.1,100.0,2020-06-16 07:00:00
27.4,81.24,23.9,0.0,1000.8,35.6,1.8,50.0,2020-06-16 08:00:00
28.8,71.35,23.1,0.0,1005.0,41.8,18.7,100.0,2020-06-16 09:00:00
29.3,69.31,23.1,0.0,1005.0,53.6,24.5,100.0,2020-06-16 10:00:00
30.9,62.84,23.0,0.0,1004.0,53.3,21.2,100.0,2020-06-16 11:00:00
32.2,56.63,22.5,0.0,1004.0,51.8,22.0,100.0,2020-06-16 12:00:00
32.2,56.28,22.4,0.0,1003.0,53.6,21.2,100.0,2020-06-16 13:00:00
33.4,55.22,23.2,0.0,1002.0,54.4,20.2,100.0,2020-06-16 14:00:00
34.0,54.37,23.5,0.0,1001.0,52.2,18.7,100.0,2020-06-16 15:00:00
34.5,56.15,24.5,0.0,1000.0,49.7,16.9,100.0,2020-06-16 16:00:00
33.6,55.27,23.4,0.0,996.0,47.5,3.6,50.0,2020-06-16 17:00:00
32.7,60.64,24.1,0.7,1001.0,46.1,12.2,100.0,2020-06-16 18:00:00
32.7,56.4,22.9,0.1,1002.0,31.0,9.4,100.0,2020-06-16 19:00:00
31.6,60.39,23.0,0.0,1003.0,24.8,8.3,100.0,2020-06-16 20:00:00
30.3,62.71,22.4,0.1,1004.0,33.5,7.2,99.2,2020-06-16 21:00:00
30.3,61.2,22.0,0.0,1004.0,32.4,8.3,100.0,2020-06-16 22:00:00
29.4,61.76,21.3,0.0,1005.0,22.0,10.8,99.8,2020-06-16 23:00:00
29.5,61.03,21.2,0.0,1005.0,25.9,13.0,99.8,2020-06-17 00:00:00
29.4,61.38,21.2,0.0,1004.0,32.8,15.1,100.0,2020-06-17 01:00:00
28.7,64.31,21.3,0.0,1004.0,34.2,15.5,100.0,2020-06-17 02:00:00
28.1,67.0,21.4,0.0,1004.0,33.8,15.1,99.1,2020-06-17 03:00:00
27.4,72.85,22.1,0.0,1003.0,33.8,12.2,99.3,2020-06-17 04:00:00
27.4,73.75,22.3,0.0,1003.0,33.8,13.0,100.0,2020-06-17 05:00:00
27.5,76.04,22.9,0.0,1004.0,33.1,13.7,100.0,2020-06-17 06:00:00
27.4,76.95,23.0,0.0,1004.0,33.1,14.4,100.0,2020-06-17 07:00:00
27.7,79.83,23.9,0.0,1000.8,34.6,1.8,50.0,2020-06-17 08:00:00
28.6,73.06,23.3,0.0,1005.0,43.9,18.4,100.0,2020-06-17 09:00:00
29.0,70.95,23.2,0.0,1005.0,51.1,23.4,100.0,2020-06-17 10:00:00
30.7,62.42,22.7,0.0,1005.0,50.8,23.0,100.0,2020-06-17 11:00:00
32.0,55.89,22.1,0.0,1005.0,51.1,23.4,100.0,2020-06-17 12:00:00
32.1,54.9,21.9,0.0,1004.0,49.3,22.0,100.0,2020-06-17 13:00:00
33.6,48.34,21.2,0.0,1003.0,47.5,22.0,100.0,2020-06-17 14:00:00
34.4,45.95,21.1,0.0,1003.0,47.5,20.9,100.0,2020-06-17 15:00:00
31.7,60.05,23.0,0.0,1002.0,45.4,18.0,100.0,2020-06-17 16:00:00
33.7,52.68,22.7,0.0,998.0,40.7,3.6,80.0,2020-06-17 17:00:00
31.5,62.6,23.5,0.0,1003.0,35.6,10.8,100.0,2020-06-17 18:00:00
31.7,61.52,23.4,0.0,1003.0,30.6,8.3,100.0,2020-06-17 19:00:00
31.1,63.65,23.4,0.0,1004.0,25.9,4.7,100.0,2020-06-17 20:00:00
30.4,65.46,23.2,0.0,1005.0,22.7,5.8,100.0,2020-06-17 21:00:00
30.4,62.36,22.4,0.0,1006.0,24.5,7.9,99.1,2020-06-17 22:00:00
28.7,68.36,22.3,0.0,1007.0,27.4,10.1,94.6,2020-06-17 23:00:00
